[
  {
    "@id": "aerosol-tactic-h100-v100",
    "@type": [
      "emd",
      "wcrp:component_config",
      "esgvoc:ComponentConfig"
    ],
    "description": "Configuration for TACTIC with horizontal grid h100 and vertical grid v100.",
    "horizontal_computational_grid": "h100",
    "model_component": "tactic",
    "ui_label": "TACTIC with h100 and v100",
    "validation_key": "aerosol_tactic_h100_v100",
    "vertical_computational_grid": "v100"
  },
  {
    "@id": "atmosphere-arpege-climat-version-6-3-h100-v100",
    "@type": [
      "emd",
      "wcrp:component_config",
      "esgvoc:ComponentConfig"
    ],
    "description": "Configuration for Arpege-Climat Version 6.3 with horizontal grid h100 and vertical grid v100.",
    "horizontal_computational_grid": "h100",
    "model_component": "arpege-climat-version-6-3",
    "ui_label": "Arpege-Climat Version 6.3 with h100 and v100",
    "validation_key": "atmosphere_arpege_climat_version_6_3_h100_v100",
    "vertical_computational_grid": "v100"
  },
  {
    "@id": "atmospheric-chemistry-reprobus-c-v2-0-h100-v100",
    "@type": [
      "emd",
      "wcrp:component_config",
      "esgvoc:ComponentConfig"
    ],
    "description": "Configuration for REPROBUS-C (v2.0) with horizontal grid h100 and vertical grid v100.",
    "horizontal_computational_grid": "h100",
    "model_component": "reprobus-c-v2-0",
    "ui_label": "REPROBUS-C (v2.0) with h100 and v100",
    "validation_key": "atmospheric_chemistry_reprobus_c_v2_0_h100_v100",
    "vertical_computational_grid": "v100"
  },
  {
    "@id": "land-surface-surfex-v8-modeling-platform-h100-v102",
    "@type": [
      "emd",
      "wcrp:component_config",
      "esgvoc:ComponentConfig"
    ],
    "description": "Configuration for SURFEX v8 modeling platform with horizontal grid h100 and vertical grid v102.",
    "horizontal_computational_grid": "h100",
    "model_component": "surfex-v8-modeling-platform",
    "ui_label": "SURFEX v8 modeling platform with h100 and v102",
    "validation_key": "land_surface_surfex_v8_modeling_platform_h100_v102",
    "vertical_computational_grid": "v102"
  },
  {
    "@id": "ocean-biogeochemistry-piscesv2-gas-h101-v103",
    "@type": [
      "emd",
      "wcrp:component_config",
      "esgvoc:ComponentConfig"
    ],
    "description": "Configuration for PISCESv2-gas with horizontal grid h101 and vertical grid v103.",
    "horizontal_computational_grid": "h101",
    "model_component": "piscesv2-gas",
    "ui_label": "PISCESv2-gas with h101 and v103",
    "validation_key": "ocean_biogeochemistry_piscesv2_gas_h101_v103",
    "vertical_computational_grid": "v103"
  },
  {
    "@id": "ocean-nemo-v3-6-h101-v103",
    "@type": [
      "emd",
      "wcrp:component_config",
      "esgvoc:ComponentConfig"
    ],
    "description": "Configuration for NEMO v3.6 with horizontal grid h101 and vertical grid v103.",
    "horizontal_computational_grid": "h101",
    "model_component": "nemo-v3-6",
    "ui_label": "NEMO v3.6 with h101 and v103",
    "validation_key": "ocean_nemo_v3_6_h101_v103",
    "vertical_computational_grid": "v103"
  },
  {
    "@id": "sea-ice-gelato-h101-v104",
    "@type": [
      "emd",
      "wcrp:component_config",
      "esgvoc:ComponentConfig"
    ],
    "description": "Configuration for GELATO with horizontal grid h101 and vertical grid v104.",
    "horizontal_computational_grid": "h101",
    "model_component": "gelato",
    "ui_label": "GELATO with h101 and v104",
    "validation_key": "sea_ice_gelato_h101_v104",
    "vertical_computational_grid": "v104"
  }
]