[
  {
    "@id": "g100",
    "@type": [
      "emd",
      "wcrp:horizontal_grid_cells",
      "esgvoc:HorizontalGridCells"
    ],
    "description": "Global regular latitude-longitude grid with 1.25\u00b0 x 0.9\u00b0 resolution and 55296 cells.",
    "grid_mapping": {
      "@id": "latitude-longitude",
      "@type": [
        "universal",
        "wcrp:grid_mapping",
        "esgvoc:GridMapping",
        "constants"
      ],
      "description": "A projection that treats latitude and longitude as planar X and Y coordinates, as defined by the CF conventions.",
      "ui_label": "Latitude-Longitude",
      "validation_key": "latitude_longitude"
    },
    "grid_type": {
      "@id": "regular-latitude-longitude",
      "@type": [
        "universal",
        "wcrp:grid_type",
        "esgvoc:GridType",
        "constants"
      ],
      "description": "A rectilinear latitude-longitude grid with evenly spaced latitude points and evenly spaced longitude points.",
      "ui_label": "Regular Latitude-Longitude",
      "validation_key": "regular_latitude_longitude"
    },
    "n_cells": 55296,
    "region": {
      "@id": "global",
      "@type": [
        "universal",
        "wcrp:region",
        "esgvoc:Region",
        "constants"
      ],
      "alias": "glb",
      "description": "The complete Earth surface, 90 degrees North to 90 degrees South latitude, and all longitudes.",
      "ui_label": "Global",
      "validation_key": "global"
    },
    "southernmost_latitude": -89.5,
    "temporal_refinement": {
      "@id": "static",
      "@type": [
        "universal",
        "wcrp:temporal_refinement",
        "esgvoc:TemporalRefinement",
        "constants"
      ],
      "description": "Grid resolution remains constant throughout the simulation.",
      "ui_label": "Static",
      "validation_key": "static"
    },
    "ui_label": "",
    "units": {
      "@id": "degree",
      "@type": [
        "universal",
        "wcrp:units",
        "esgvoc:Units",
        "constants"
      ],
      "alias": [
        "deg",
        "degrees"
      ],
      "description": "Angular measurement in degrees for latitude/longitude coordinates.",
      "ui_label": "Degrees",
      "validation_key": "degree"
    },
    "validation_key": "g100",
    "westernmost_longitude": 0.5,
    "x_resolution": 1.25,
    "y_resolution": 0.9
  },
  {
    "@id": "g101",
    "@type": [
      "emd",
      "wcrp:horizontal_grid_cells",
      "esgvoc:HorizontalGridCells"
    ],
    "description": "Linear spectral Gaussian grid (TL127) with 24572 cells.",
    "grid_mapping": {
      "@id": "latitude-longitude",
      "@type": [
        "universal",
        "wcrp:grid_mapping",
        "esgvoc:GridMapping",
        "constants"
      ],
      "description": "A projection that treats latitude and longitude as planar X and Y coordinates, as defined by the CF conventions.",
      "ui_label": "Latitude-Longitude",
      "validation_key": "latitude_longitude"
    },
    "grid_type": {
      "@id": "linear-spectral-gaussian",
      "@type": [
        "universal",
        "wcrp:grid_type",
        "esgvoc:GridType",
        "constants"
      ],
      "description": "A spectral Gaussian grid for which the smallest spectral wavelength is represented by 2 grid points.",
      "ui_label": "Linear Spectral Gaussian",
      "validation_key": "linear_spectral_gaussian"
    },
    "n_cells": 24572,
    "region": {
      "@id": "global",
      "@type": [
        "universal",
        "wcrp:region",
        "esgvoc:Region",
        "constants"
      ],
      "alias": "glb",
      "description": "The complete Earth surface, 90 degrees North to 90 degrees South latitude, and all longitudes.",
      "ui_label": "Global",
      "validation_key": "global"
    },
    "southernmost_latitude": -88.9277353522076,
    "temporal_refinement": {
      "@id": "static",
      "@type": [
        "universal",
        "wcrp:temporal_refinement",
        "esgvoc:TemporalRefinement",
        "constants"
      ],
      "description": "Grid resolution remains constant throughout the simulation.",
      "ui_label": "Static",
      "validation_key": "static"
    },
    "truncation_method": {
      "@id": "triangular",
      "@type": [
        "universal",
        "wcrp:truncation_method",
        "esgvoc:TruncationMethod",
        "constants"
      ],
      "alias": "T",
      "description": "Triangular truncation in spectral space where total wavenumber m+n \u2264 N. Common notation: TL (triangular linear) or TQ (triangular quadratic).",
      "ui_label": "Triangular Truncation",
      "validation_key": "triangular"
    },
    "truncation_number": 127,
    "ui_label": "",
    "units": {
      "@id": "degree",
      "@type": [
        "universal",
        "wcrp:units",
        "esgvoc:Units",
        "constants"
      ],
      "alias": [
        "deg",
        "degrees"
      ],
      "description": "Angular measurement in degrees for latitude/longitude coordinates.",
      "ui_label": "Degrees",
      "validation_key": "degree"
    },
    "validation_key": "g101",
    "westernmost_longitude": 0,
    "x_resolution": 1.4,
    "y_resolution": 1.4
  },
  {
    "@id": "g102",
    "@type": [
      "emd",
      "wcrp:horizontal_grid_cells",
      "esgvoc:HorizontalGridCells"
    ],
    "description": "Ocean tripolar grid (eORCA1) with 105704 cells.",
    "grid_mapping": {
      "@id": "latitude-longitude",
      "@type": [
        "universal",
        "wcrp:grid_mapping",
        "esgvoc:GridMapping",
        "constants"
      ],
      "description": "A projection that treats latitude and longitude as planar X and Y coordinates, as defined by the CF conventions.",
      "ui_label": "Latitude-Longitude",
      "validation_key": "latitude_longitude"
    },
    "grid_type": {
      "@id": "tripolar",
      "@type": [
        "universal",
        "wcrp:grid_type",
        "esgvoc:GridType",
        "constants"
      ],
      "description": "A global curvilinear ocean grid with a southern pole and two northern poles all placed over land.",
      "ui_label": "Tripolar",
      "validation_key": "tripolar"
    },
    "n_cells": 105704,
    "region": {
      "@id": "global",
      "@type": [
        "universal",
        "wcrp:region",
        "esgvoc:Region",
        "constants"
      ],
      "alias": "glb",
      "description": "The complete Earth surface, 90 degrees North to 90 degrees South latitude, and all longitudes.",
      "ui_label": "Global",
      "validation_key": "global"
    },
    "temporal_refinement": {
      "@id": "static",
      "@type": [
        "universal",
        "wcrp:temporal_refinement",
        "esgvoc:TemporalRefinement",
        "constants"
      ],
      "description": "Grid resolution remains constant throughout the simulation.",
      "ui_label": "Static",
      "validation_key": "static"
    },
    "ui_label": "",
    "validation_key": "g102"
  },
  {
    "@id": "g103",
    "@type": [
      "emd",
      "wcrp:horizontal_grid_cells",
      "esgvoc:HorizontalGridCells"
    ],
    "description": "Adaptive polar stereographic mesh for ice sheets with variable resolution (9.6 km to 1.2 km for Greenland, 8 km to 2 km for Antarctica).",
    "grid_mapping": {
      "@id": "polar-stereographic",
      "@type": [
        "universal",
        "wcrp:grid_mapping",
        "esgvoc:GridMapping",
        "constants"
      ],
      "description": "An azimuthal projection that maps the Earth's surface onto a flat plane from a view point at one pole, projecting points from the globe to a plane tangent to the opposite pole, as defined by the CF conventions.",
      "ui_label": "Polar Stereographic",
      "validation_key": "polar_stereographic"
    },
    "grid_type": {
      "@id": "plane-projection",
      "@type": [
        "universal",
        "wcrp:grid_type",
        "esgvoc:GridType",
        "constants"
      ],
      "description": "Any transformation employed to represent the spherical surface of the globe on a plane.",
      "ui_label": "Plane Projection",
      "validation_key": "plane_projection"
    },
    "region": [
      {
        "@id": "greenland",
        "@type": [
          "universal",
          "wcrp:region",
          "esgvoc:Region",
          "constants"
        ],
        "alias": "gre",
        "description": "Located in the Northern Atlantic Ocean, separated from other land masses by the Labrador Sea and Straits, and almost entirely north of 60 degrees North latitude.",
        "ui_label": "Greenland",
        "validation_key": "greenland"
      },
      {
        "@id": "antarctica",
        "@type": [
          "universal",
          "wcrp:region",
          "esgvoc:Region",
          "constants"
        ],
        "alias": "ant",
        "description": "Located around the South Pole, separated from other land masses by the Southern Ocean, and almost entirely south of 60 degrees South latitude.",
        "ui_label": "Antarctica",
        "validation_key": "antarctica"
      }
    ],
    "temporal_refinement": {
      "@id": "adaptive",
      "@type": [
        "universal",
        "wcrp:temporal_refinement",
        "esgvoc:TemporalRefinement",
        "constants"
      ],
      "description": "Grid resolution changes dynamically during the simulation based on solution features.",
      "ui_label": "Adaptive",
      "validation_key": "adaptive"
    },
    "ui_label": "",
    "validation_key": "g103"
  },
  {
    "@id": "g104",
    "@type": [
      "emd",
      "wcrp:horizontal_grid_cells",
      "esgvoc:HorizontalGridCells"
    ],
    "description": "Global regular latitude-longitude grid with 1.25\u00b0 x 0.9\u00b0 resolution and 55296 cells, offset origin from g100.",
    "grid_mapping": {
      "@id": "latitude-longitude",
      "@type": [
        "universal",
        "wcrp:grid_mapping",
        "esgvoc:GridMapping",
        "constants"
      ],
      "description": "A projection that treats latitude and longitude as planar X and Y coordinates, as defined by the CF conventions.",
      "ui_label": "Latitude-Longitude",
      "validation_key": "latitude_longitude"
    },
    "grid_type": {
      "@id": "regular-latitude-longitude",
      "@type": [
        "universal",
        "wcrp:grid_type",
        "esgvoc:GridType",
        "constants"
      ],
      "description": "A rectilinear latitude-longitude grid with evenly spaced latitude points and evenly spaced longitude points.",
      "ui_label": "Regular Latitude-Longitude",
      "validation_key": "regular_latitude_longitude"
    },
    "n_cells": 55296,
    "region": {
      "@id": "global",
      "@type": [
        "universal",
        "wcrp:region",
        "esgvoc:Region",
        "constants"
      ],
      "alias": "glb",
      "description": "The complete Earth surface, 90 degrees North to 90 degrees South latitude, and all longitudes.",
      "ui_label": "Global",
      "validation_key": "global"
    },
    "southernmost_latitude": -89.65,
    "temporal_refinement": {
      "@id": "static",
      "@type": [
        "universal",
        "wcrp:temporal_refinement",
        "esgvoc:TemporalRefinement",
        "constants"
      ],
      "description": "Grid resolution remains constant throughout the simulation.",
      "ui_label": "Static",
      "validation_key": "static"
    },
    "ui_label": "",
    "units": {
      "@id": "degree",
      "@type": [
        "universal",
        "wcrp:units",
        "esgvoc:Units",
        "constants"
      ],
      "alias": [
        "deg",
        "degrees"
      ],
      "description": "Angular measurement in degrees for latitude/longitude coordinates.",
      "ui_label": "Degrees",
      "validation_key": "degree"
    },
    "validation_key": "g104",
    "westernmost_longitude": 0,
    "x_resolution": 1.25,
    "y_resolution": 0.9
  },
  {
    "@id": "g105",
    "@type": [
      "emd",
      "wcrp:horizontal_grid_cells",
      "esgvoc:HorizontalGridCells"
    ],
    "description": "U-grid cells on ocean tripolar configuration (eORCA1) for x-velocity.",
    "grid_mapping": {
      "@id": "latitude-longitude",
      "@type": [
        "universal",
        "wcrp:grid_mapping",
        "esgvoc:GridMapping",
        "constants"
      ],
      "description": "A projection that treats latitude and longitude as planar X and Y coordinates, as defined by the CF conventions.",
      "ui_label": "Latitude-Longitude",
      "validation_key": "latitude_longitude"
    },
    "grid_type": {
      "@id": "tripolar",
      "@type": [
        "universal",
        "wcrp:grid_type",
        "esgvoc:GridType",
        "constants"
      ],
      "description": "A global curvilinear ocean grid with a southern pole and two northern poles all placed over land.",
      "ui_label": "Tripolar",
      "validation_key": "tripolar"
    },
    "n_cells": 105705,
    "region": {
      "@id": "global",
      "@type": [
        "universal",
        "wcrp:region",
        "esgvoc:Region",
        "constants"
      ],
      "alias": "glb",
      "description": "The complete Earth surface, 90 degrees North to 90 degrees South latitude, and all longitudes.",
      "ui_label": "Global",
      "validation_key": "global"
    },
    "temporal_refinement": {
      "@id": "static",
      "@type": [
        "universal",
        "wcrp:temporal_refinement",
        "esgvoc:TemporalRefinement",
        "constants"
      ],
      "description": "Grid resolution remains constant throughout the simulation.",
      "ui_label": "Static",
      "validation_key": "static"
    },
    "ui_label": "",
    "validation_key": "g105"
  },
  {
    "@id": "g106",
    "@type": [
      "emd",
      "wcrp:horizontal_grid_cells",
      "esgvoc:HorizontalGridCells"
    ],
    "description": "V-grid cells on ocean tripolar configuration (eORCA1) for y-velocity.",
    "grid_mapping": {
      "@id": "latitude-longitude",
      "@type": [
        "universal",
        "wcrp:grid_mapping",
        "esgvoc:GridMapping",
        "constants"
      ],
      "description": "A projection that treats latitude and longitude as planar X and Y coordinates, as defined by the CF conventions.",
      "ui_label": "Latitude-Longitude",
      "validation_key": "latitude_longitude"
    },
    "grid_type": {
      "@id": "tripolar",
      "@type": [
        "universal",
        "wcrp:grid_type",
        "esgvoc:GridType",
        "constants"
      ],
      "description": "A global curvilinear ocean grid with a southern pole and two northern poles all placed over land.",
      "ui_label": "Tripolar",
      "validation_key": "tripolar"
    },
    "n_cells": 105706,
    "region": {
      "@id": "global",
      "@type": [
        "universal",
        "wcrp:region",
        "esgvoc:Region",
        "constants"
      ],
      "alias": "glb",
      "description": "The complete Earth surface, 90 degrees North to 90 degrees South latitude, and all longitudes.",
      "ui_label": "Global",
      "validation_key": "global"
    },
    "temporal_refinement": {
      "@id": "static",
      "@type": [
        "universal",
        "wcrp:temporal_refinement",
        "esgvoc:TemporalRefinement",
        "constants"
      ],
      "description": "Grid resolution remains constant throughout the simulation.",
      "ui_label": "Static",
      "validation_key": "static"
    },
    "ui_label": "",
    "validation_key": "g106"
  }
]