[
  {
    "@id": "h100",
    "@type": [
      "emd",
      "wcrp:horizontal_computational_grid",
      "esgvoc:HorizontalComputationalGrid"
    ],
    "arrangement": {
      "@id": "arakawa-a",
      "@type": [
        "universal",
        "wcrp:arrangement",
        "esgvoc:Arrangement",
        "constants"
      ],
      "description": "The Arakawa A grid places mass- and velocity-related quantities at the same location on each grid cell.",
      "ui_label": "Arakawa A-grid",
      "validation_key": "arakawa-a"
    },
    "description": "Arakawa-A spectral grid for atmospheric modelling (TL127 reduced Gaussian + regular output grid).",
    "horizontal_subgrids": [
      "s100",
      "s101"
    ],
    "ui_label": "",
    "validation_key": "h100"
  },
  {
    "@id": "h101",
    "@type": [
      "emd",
      "wcrp:horizontal_computational_grid",
      "esgvoc:HorizontalComputationalGrid"
    ],
    "arrangement": {
      "@id": "arakawa-c",
      "@type": [
        "universal",
        "wcrp:arrangement",
        "esgvoc:Arrangement",
        "constants"
      ],
      "description": "The Arakawa C grid places velocity-related quantities at the centres of mass cell edges, such that each component is perpendicular to its edge.",
      "ui_label": "Arakawa C-grid",
      "validation_key": "arakawa-c"
    },
    "description": "Arakawa-C grid on an ocean tripolar configuration (eORCA1).",
    "horizontal_subgrids": [
      "s102",
      "s105",
      "s106"
    ],
    "ui_label": "",
    "validation_key": "h101"
  },
  {
    "@id": "h102",
    "@type": [
      "emd",
      "wcrp:horizontal_computational_grid",
      "esgvoc:HorizontalComputationalGrid"
    ],
    "arrangement": {
      "@id": "arakawa-c",
      "@type": [
        "universal",
        "wcrp:arrangement",
        "esgvoc:Arrangement",
        "constants"
      ],
      "description": "The Arakawa C grid places velocity-related quantities at the centres of mass cell edges, such that each component is perpendicular to its edge.",
      "ui_label": "Arakawa C-grid",
      "validation_key": "arakawa-c"
    },
    "description": "Arakawa-C grid with adaptive mesh refinement for ice sheet modelling.",
    "horizontal_subgrids": "s103",
    "ui_label": "",
    "validation_key": "h102"
  },
  {
    "@id": "h103",
    "@type": [
      "emd",
      "wcrp:horizontal_computational_grid",
      "esgvoc:HorizontalComputationalGrid"
    ],
    "arrangement": {
      "@id": "arakawa-a",
      "@type": [
        "universal",
        "wcrp:arrangement",
        "esgvoc:Arrangement",
        "constants"
      ],
      "description": "The Arakawa A grid places mass- and velocity-related quantities at the same location on each grid cell.",
      "ui_label": "Arakawa A-grid",
      "validation_key": "arakawa-a"
    },
    "description": "Arakawa-A grid on a regular latitude-longitude configuration for land surface modelling.",
    "horizontal_subgrids": "s104",
    "ui_label": "",
    "validation_key": "h103"
  }
]