[
  {
    "@id": "arpege-climat-version-6-3",
    "@type": [
      "emd",
      "wcrp:model_component",
      "esgvoc:ModelComponent"
    ],
    "code_base": "private",
    "component": {
      "@id": "atmosphere",
      "@type": [
        "wcrp:scientific_domain",
        "esgvoc:ScientificDomain",
        "universal",
        "constants"
      ],
      "alias": "atmos",
      "description": "Atmosphere",
      "ui_label": "Atmosphere",
      "validation_key": "atmosphere"
    },
    "description": "ARPEGE-Climat Version 6.3 is the atmospheric component of the CNRM climate and Earth System models (CNRM-CM6-1 and CNRM-ESM2-1).",
    "family": "arpege-climat",
    "name": "Arpege-Climat Version 6.3",
    "references": [],
    "ui_label": "",
    "validation_key": "arpege-climat_version_6_3"
  },
  {
    "@id": "bisicles-ukesm-ismip6-1.0",
    "@type": [
      "emd",
      "wcrp:model_component",
      "esgvoc:ModelComponent"
    ],
    "code_base": "none",
    "component": {
      "@id": "land-ice",
      "@type": [
        "wcrp:scientific_domain",
        "esgvoc:ScientificDomain",
        "universal",
        "constants"
      ],
      "alias": [
        "landice",
        "landIce"
      ],
      "description": "Land Ice",
      "ui_label": "Land Ice",
      "validation_key": "land_ice"
    },
    "description": "UniCiCles (Unified Model-CISM-BISICLES) is a package combining BISICLES with an interface that obtains boundary conditions from Unified Model or JULES data.",
    "family": "bisicles",
    "name": "BISICLES-UKESM-ISMIP6-1.0",
    "references": [],
    "ui_label": "",
    "validation_key": "bisicles-ukesm-ismip6-1_0"
  },
  {
    "@id": "clm4",
    "@type": [
      "emd",
      "wcrp:model_component",
      "esgvoc:ModelComponent"
    ],
    "code_base": "none",
    "component": {
      "@id": "land-surface",
      "@type": [
        "wcrp:scientific_domain",
        "esgvoc:ScientificDomain",
        "universal",
        "constants"
      ],
      "alias": "land",
      "description": "Land Surface and Subsurface",
      "ui_label": "Land Surface and Subsurface",
      "validation_key": "land_surface"
    },
    "description": "The Community Land Model represents several aspects of the land surface including surface heterogeneity through a nested subgrid hierarchy.",
    "family": "clm",
    "name": "CLM4",
    "references": [],
    "ui_label": "",
    "validation_key": "clm4"
  },
  {
    "@id": "gelato",
    "@type": [
      "emd",
      "wcrp:model_component",
      "esgvoc:ModelComponent"
    ],
    "code_base": "private",
    "component": {
      "@id": "sea-ice",
      "@type": [
        "wcrp:scientific_domain",
        "esgvoc:ScientificDomain",
        "universal",
        "constants"
      ],
      "alias": [
        "seaice",
        "seaIce"
      ],
      "description": "Sea Ice",
      "ui_label": "Sea Ice",
      "validation_key": "sea_ice"
    },
    "description": "Global Experimental Leads and sea ice for ATmosphere and Ocean.",
    "family": {
      "@id": "gelato",
      "@type": [
        "emd",
        "wcrp:model_component",
        "esgvoc:ModelComponent"
      ],
      "code_base": "private",
      "component": {
        "@id": "sea-ice",
        "@type": [
          "wcrp:scientific_domain",
          "esgvoc:ScientificDomain",
          "universal",
          "constants"
        ],
        "alias": [
          "seaice",
          "seaIce"
        ],
        "description": "Sea Ice",
        "ui_label": "Sea Ice",
        "validation_key": "sea_ice"
      },
      "description": "Global Experimental Leads and sea ice for ATmosphere and Ocean.",
      "family": {
        "@id": "gelato",
        "@type": [
          "emd",
          "wcrp:model_component",
          "esgvoc:ModelComponent"
        ],
        "code_base": "private",
        "component": "sea-ice",
        "description": "Global Experimental Leads and sea ice for ATmosphere and Ocean.",
        "family": "gelato",
        "name": "GELATO",
        "references": "https://doi.org/10.1029/2019MS001683",
        "ui_label": "",
        "validation_key": "gelato"
      },
      "name": "GELATO",
      "references": [],
      "ui_label": "",
      "validation_key": "gelato"
    },
    "name": "GELATO",
    "references": [],
    "ui_label": "",
    "validation_key": "gelato"
  },
  {
    "@id": "hadam3",
    "@type": [
      "emd",
      "wcrp:model_component",
      "esgvoc:ModelComponent"
    ],
    "code_base": "none",
    "component": {
      "@id": "atmosphere",
      "@type": [
        "wcrp:scientific_domain",
        "esgvoc:ScientificDomain",
        "universal",
        "constants"
      ],
      "alias": "atmos",
      "description": "Atmosphere",
      "ui_label": "Atmosphere",
      "validation_key": "atmosphere"
    },
    "description": "HadAM3 is the atmospheric component of HadCM3, a coupled atmosphere-ocean general circulation model developed at the UK Met Office Hadley Centre.",
    "family": "hadam",
    "name": "HadAM3",
    "references": [],
    "ui_label": "",
    "validation_key": "hadam3"
  },
  {
    "@id": "nemo-v3-6",
    "@type": [
      "emd",
      "wcrp:model_component",
      "esgvoc:ModelComponent"
    ],
    "code_base": "private",
    "component": {
      "@id": "ocean",
      "@type": [
        "wcrp:scientific_domain",
        "esgvoc:ScientificDomain",
        "universal",
        "constants"
      ],
      "alias": "ocean",
      "description": "Ocean",
      "ui_label": "Ocean",
      "validation_key": "ocean"
    },
    "description": "Nucleus for European Modelling of the Ocean version 3.6 (OPA).",
    "family": "nemo",
    "name": "NEMO v3.6",
    "references": [],
    "ui_label": "",
    "validation_key": "nemo_v3_6"
  },
  {
    "@id": "piscesv2-gas",
    "@type": [
      "emd",
      "wcrp:model_component",
      "esgvoc:ModelComponent"
    ],
    "code_base": "https://gitlab.in2p3.fr/pisco/pisces-gas/pisces-gas",
    "component": {
      "@id": "ocean-biogeochemistry",
      "@type": [
        "wcrp:scientific_domain",
        "esgvoc:ScientificDomain",
        "universal",
        "constants"
      ],
      "alias": [
        "ocnbgchem",
        "ocnBgchem"
      ],
      "description": "Ocean Biogeochemistry",
      "ui_label": "Ocean Biogeochemistry",
      "validation_key": "ocean_biogeochemistry"
    },
    "description": "Pelagic Interaction Scheme for Carbon and Ecosystem Studies model volume 2 version trace gases.",
    "family": "pisces",
    "name": "PISCESv2-gas",
    "references": [
      "https://doi.org/10.1029/2019MS001791",
      "https://doi.org/10.5194/bg-18-3823-2021"
    ],
    "ui_label": "",
    "validation_key": "piscesv2-gas"
  },
  {
    "@id": "reprobus-c-v2-0",
    "@type": [
      "emd",
      "wcrp:model_component",
      "esgvoc:ModelComponent"
    ],
    "code_base": "private",
    "component": {
      "@id": "atmospheric-chemistry",
      "@type": [
        "wcrp:scientific_domain",
        "esgvoc:ScientificDomain",
        "universal",
        "constants"
      ],
      "alias": [
        "atmoschem",
        "atmosChem"
      ],
      "description": "Atmospheric Chemistry",
      "ui_label": "Atmospheric Chemistry",
      "validation_key": "atmospheric_chemistry"
    },
    "description": "The chemistry scheme of CNRM-ESM2 is an on-line scheme whereby the chemistry routines are part of the physics of the atmospheric climate model.",
    "family": "reprobus",
    "name": "REPROBUS-C (v2.0)",
    "references": [],
    "ui_label": "",
    "validation_key": "reprobus-c_v2_0"
  },
  {
    "@id": "surfex-v8-modeling-platform",
    "@type": [
      "emd",
      "wcrp:model_component",
      "esgvoc:ModelComponent"
    ],
    "code_base": "https://www.umr-cnrm.fr/surfex/spip.php?rubrique8",
    "component": {
      "@id": "land-surface",
      "@type": [
        "wcrp:scientific_domain",
        "esgvoc:ScientificDomain",
        "universal",
        "constants"
      ],
      "alias": "land",
      "description": "Land Surface and Subsurface",
      "ui_label": "Land Surface and Subsurface",
      "validation_key": "land_surface"
    },
    "description": "SURFEXv8.0 encompasses several submodules for modeling the interactions between the atmosphere, the ocean, the lakes and the land surface.",
    "family": "surfex",
    "name": "SURFEX v8 modeling platform",
    "references": [
      "https://doi.org/10.1029/2018MS001545",
      "https://doi.org/10.3402/tellusa.v68.31274"
    ],
    "ui_label": "",
    "validation_key": "surfex_v8_modeling_platform"
  },
  {
    "@id": "tactic",
    "@type": [
      "emd",
      "wcrp:model_component",
      "esgvoc:ModelComponent"
    ],
    "code_base": "private",
    "component": {
      "@id": "aerosol",
      "@type": [
        "wcrp:scientific_domain",
        "esgvoc:ScientificDomain",
        "universal",
        "constants"
      ],
      "alias": "aerosol",
      "description": "Aerosol",
      "ui_label": "Aerosol",
      "validation_key": "aerosol"
    },
    "description": "TACTIC (Tropospheric Aerosols for ClimaTe In CNRM) is an interactive tropospheric aerosol scheme, able to represent the main anthropogenic and natural aerosol types in the troposphere.",
    "family": {
      "@id": "tactic",
      "@type": [
        "emd",
        "wcrp:model_component",
        "esgvoc:ModelComponent"
      ],
      "code_base": "private",
      "component": {
        "@id": "aerosol",
        "@type": [
          "wcrp:scientific_domain",
          "esgvoc:ScientificDomain",
          "universal",
          "constants"
        ],
        "alias": "aerosol",
        "description": "Aerosol",
        "ui_label": "Aerosol",
        "validation_key": "aerosol"
      },
      "description": "TACTIC (Tropospheric Aerosols for ClimaTe In CNRM) is an interactive tropospheric aerosol scheme, able to represent the main anthropogenic and natural aerosol types in the troposphere.",
      "family": {
        "@id": "tactic",
        "@type": [
          "emd",
          "wcrp:model_component",
          "esgvoc:ModelComponent"
        ],
        "code_base": "private",
        "component": "aerosol",
        "description": "TACTIC (Tropospheric Aerosols for ClimaTe In CNRM) is an interactive tropospheric aerosol scheme, able to represent the main anthropogenic and natural aerosol types in the troposphere.",
        "family": "tactic",
        "name": "TACTIC",
        "references": "https://doi.org/10.1029/2019MS001816",
        "ui_label": "",
        "validation_key": "tactic"
      },
      "name": "TACTIC",
      "references": [],
      "ui_label": "",
      "validation_key": "tactic"
    },
    "name": "TACTIC",
    "references": [],
    "ui_label": "",
    "validation_key": "tactic"
  }
]