{
  "@context": "_context",
  "@type": [
    "esgvoc:EMDModelComponent",
    "emd:ModelComponent"
  ],
  "@id": "land_surface_clm4",
  "component": "land_surface",
  "name": "CLM4",
  "family": "CLM",
  "description": "The model represents several aspects of the land surface including surface heterogeneity and consists of components or submodels related to land biogeophysics, the hydrological cycle, biogeochemistry, human dimensions, and ecosystem dynamics. Spatial land surface heterogeneity in CLM is represented as a nested subgrid hierarchy in which grid cells are composed of multiple landunits, snow/soil columns, and PFTs. Each grid cell can have a different number of landunits, each landunit can have a different number of columns, and each column can have multiple PFTs. Biogeophysical processes are simulated for each subgrid landunit, column, and PFT independently and each subgrid unit maintains its own prognostic variables. The same atmospheric forcing is used to force all subgrid units within a grid cell. The surface variables and fluxes required by the atmosphere are obtained by averaging the subgrid quantities weighted by their fractional areas.",
  "code_base": null,
  "references": [
    "examples/reference/EX_REF001.json"
  ],
  "embedded_in": "atmosphere",
  "coupled_with": null,
  "horizontal_computational_grid": "examples/horizontal-computational-grid/EX_HGRID001.json",
  "vertical_computational_grid": "examples/vertical-computational-grid/EX_VGRID001.json"
}